first_name,last_name,password,username,email
Juan David,Arce Martinez,prueba1,juandavid,juandavid@gmail.com
Laura Sofia,Perez Osorio,prueba2,laura,laura@gmail.com
Raul ,Alvares,prueba4,raul,raul@gmail.com
Carlos,Martinez,prueba5,carlos,carlos@gmail.com
Pedro Arturo,Reyes,prueba6,pedro,pedro@gmail.com
Santiago,Flores,prueba7,santiago,santiago@gmail.com
Camilo,Morales,prueba8,camilo,camilo@gmail.com